Duration__in_seconds_,RecordedDate,Q4,Q5,Q6,Q62,Q62_4_TEXT,Q63,Q65_1,Q65_2,Q65_3,Q65_4,Q66_1,Q66_2,Q66_3,Q66_4,Q66_5,Q67_1,Q67_2,Q67_3,Q68_1,Q68_2,Q68_3,Q68_4,Q69_1,Q69_2,Q69_3,Q69_4,Q70_1,Q70_2,Q70_3,Q70_4,Q71_1,Q71_2,Q71_3,Q71_4,Q72_1,Q72_2,Q72_3,Q72_4,Q72_5,Q72_6,Q72_7,Q72_8,Q72_9,Q72_10,Q72_11,Q72_12,Q73_1,Q73_2,Q73_3,Q73_4,Q73_5,Q73_6,Q73_7,Q73_8,Q73_9,Q73_10,Q73_11,Q73_12,Q74_1,Q74_2,Q74_3,Q74_4,Q74_5,Q74_6,Q74_7,Q74_8,Q74_9,Q74_10,Q74_11,Q74_12,Q75_1,Q75_2,Q75_3,Q75_4,Q75_5,Q75_6,Q75_7,Q75_8,Q75_9,Q75_10,Q75_11,Q75_12,Q75_13,Q75_14,Q75_15,Q75_16,Q75_17,Q75_18,Q75_19,Q75_20,Q75_21,Q75_22,Q75_23,Q75_24,Q75_25,Q75_26,Q75_27,Q75_28,Q75_29,Q75_30,Q75_31,Q75_32,Q75_33,Q75_34,Q75_35,Q75_36,Q75_37,Q75_38,Q75_39,Q75_40,Q77_1,Q78_1,Q79_1,Q80_1,Q81_1,Q82_1
1111.00,11/6/18 13:17,23.00,1,5,2,,8,3,2,3,3,4,3,3,3,3,3,2,2,1,1,1,1,#NULL!,#NULL!,#NULL!,#NULL!,1,1,2,1,#NULL!,#NULL!,#NULL!,#NULL!,#NULL!,#NULL!,#NULL!,#NULL!,#NULL!,#NULL!,#NULL!,#NULL!,#NULL!,#NULL!,#NULL!,#NULL!,1,1,1,1,1,1,1,1,1,1,1,1,1,1,1,1,1,1,1,1,2,2,2,2,2,2,1,1,1,1,1,2,1,1,1,1,3,2,2,1,2,1,4,1,1,2,1,1,1,1,1,1,1,1,1,1,1,1,1,1,1,1,1,1,1,1,1,1,1,1
132.00,11/6/18 14:15,#NULL!,#NULL!,#NULL!,2,,5,#NULL!,#NULL!,#NULL!,#NULL!,#NULL!,#NULL!,#NULL!,#NULL!,#NULL!,#NULL!,#NULL!,#NULL!,#NULL!,#NULL!,#NULL!,#NULL!,#NULL!,#NULL!,#NULL!,#NULL!,#NULL!,#NULL!,#NULL!,#NULL!,#NULL!,#NULL!,#NULL!,#NULL!,#NULL!,#NULL!,#NULL!,#NULL!,#NULL!,#NULL!,#NULL!,#NULL!,#NULL!,#NULL!,#NULL!,#NULL!,#NULL!,#NULL!,#NULL!,#NULL!,#NULL!,#NULL!,#NULL!,#NULL!,#NULL!,#NULL!,#NULL!,#NULL!,#NULL!,#NULL!,#NULL!,#NULL!,#NULL!,#NULL!,#NULL!,#NULL!,#NULL!,#NULL!,#NULL!,#NULL!,#NULL!,#NULL!,#NULL!,#NULL!,#NULL!,#NULL!,#NULL!,#NULL!,#NULL!,#NULL!,#NULL!,#NULL!,#NULL!,#NULL!,#NULL!,#NULL!,#NULL!,#NULL!,#NULL!,#NULL!,#NULL!,#NULL!,#NULL!,#NULL!,#NULL!,#NULL!,#NULL!,#NULL!,#NULL!,#NULL!,#NULL!,#NULL!,#NULL!,#NULL!,#NULL!,#NULL!,#NULL!,#NULL!,#NULL!,#NULL!,#NULL!,#NULL!,#NULL!,#NULL!,#NULL!,#NULL!
2412.00,11/6/18 20:19,19.00,2,6,1,,4,3,3,4,4,3,2,1,3,2,1,1,1,2,2,1,1,1,1,1,1,#NULL!,#NULL!,#NULL!,#NULL!,#NULL!,#NULL!,#NULL!,#NULL!,2,1,1,1,1,1,1,1,1,1,1,1,1,2,1,1,1,1,3,3,3,3,1,1,1,2,1,1,3,2,2,3,2,3,2,1,1,1,2,4,1,4,4,3,4,4,1,4,1,4,4,1,3,1,4,3,4,3,1,2,3,1,1,4,1,2,4,1,2,4,1,1,1,2,1,1,1,1,1,1,1,3
1223.00,11/8/18 11:49,18.00,2,2,1,,3,3,3,3,3,1,1,1,2,1,1,2,2,2,1,1,1,2,1,1,1,#NULL!,#NULL!,#NULL!,#NULL!,#NULL!,#NULL!,#NULL!,#NULL!,1,1,1,1,1,1,1,1,1,1,1,1,3,1,1,3,1,1,1,1,1,2,3,2,2,1,1,2,1,1,1,1,1,1,3,2,4,1,2,1,1,4,1,2,1,1,1,4,1,2,3,2,1,1,2,1,1,3,1,1,1,1,1,2,1,1,2,2,1,3,1,1,1,1,1,1,1,1,1,1,1,1
2708.00,11/10/18 11:56,20.00,2,2,1,,5,1,1,1,1,1,1,1,1,1,1,1,1,1,1,1,1,1,1,1,1,#NULL!,#NULL!,#NULL!,#NULL!,#NULL!,#NULL!,#NULL!,#NULL!,1,1,1,1,1,1,1,1,1,1,1,1,2,1,1,1,1,1,1,1,1,1,1,1,1,1,1,1,1,1,1,1,1,1,1,1,1,1,1,1,1,2,1,1,1,1,1,2,1,1,1,2,1,2,1,1,1,1,1,1,1,1,1,1,1,1,1,1,1,2,1,1,1,1,1,1,1,1,1,1,1,1
2417.00,11/10/18 16:22,#NULL!,2,1,1,,3,3,3,3,3,2,3,3,3,3,1,1,3,1,1,1,1,1,3,1,1,#NULL!,#NULL!,#NULL!,#NULL!,#NULL!,#NULL!,#NULL!,#NULL!,3,1,1,1,1,6,1,1,1,1,1,1,2,2,3,4,4,4,3,3,2,1,4,4,2,4,4,4,4,4,2,3,2,1,4,4,2,1,1,2,1,1,1,1,1,2,1,1,1,2,3,1,3,1,1,1,3,4,1,2,2,2,1,1,1,1,1,1,3,1,2,2,1,2,1,2,1,1,1,1,1,1
1528.00,11/11/18 13:44,21.00,1,5,2,,6,3,3,3,3,3,4,2,2,2,2,1,1,3,2,2,2,#NULL!,#NULL!,#NULL!,#NULL!,1,1,2,2,#NULL!,#NULL!,#NULL!,#NULL!,2,1,1,1,1,1,1,1,1,1,1,1,2,1,1,1,1,1,1,1,1,1,1,1,1,1,1,1,1,1,1,1,1,1,1,1,1,2,1,1,1,1,3,2,2,#NULL!,3,1,1,2,1,1,2,2,2,1,1,2,2,1,1,1,1,2,1,1,1,1,1,1,1,2,2,1,1,1,1,1,1,1,1,1
5365.00,11/11/18 14:44,20.00,2,6,1,,5,5,2,2,2,5,3,1,2,2,5,3,3,1,2,1,1,1,1,3,3,#NULL!,#NULL!,#NULL!,#NULL!,#NULL!,#NULL!,#NULL!,#NULL!,1,6,1,1,1,1,1,1,1,1,1,1,3,3,3,4,1,1,1,1,3,2,4,4,4,4,3,3,1,1,1,1,3,2,4,4,2,4,1,3,1,1,4,4,4,1,1,2,3,3,2,1,2,4,2,1,1,4,1,1,2,1,1,3,2,1,1,4,3,2,1,1,4,1,2,3,1,1,1,1,3,1
3936.00,11/11/18 15:13,18.00,2,5,1,,3,3,3,3,2,3,2,1,1,4,4,3,3,2,2,3,3,1,2,3,2,#NULL!,#NULL!,#NULL!,#NULL!,#NULL!,#NULL!,#NULL!,#NULL!,2,6,1,6,1,6,1,1,6,1,1,1,2,3,2,2,4,3,3,3,2,3,4,3,3,2,2,2,3,2,3,3,2,4,3,2,2,2,2,1,1,2,2,1,1,1,1,2,1,2,3,1,2,1,1,1,3,4,1,1,1,1,1,2,1,1,1,1,3,2,1,1,1,1,1,1,1,1,1,1,2,1
10957.00,11/11/18 16:18,19.00,1,6,2,,4,1,1,2,3,3,3,1,2,1,1,1,1,2,2,1,1,#NULL!,#NULL!,#NULL!,#NULL!,2,1,1,1,#NULL!,#NULL!,#NULL!,#NULL!,1,1,1,1,1,1,1,1,1,1,1,1,1,1,1,1,1,1,1,1,1,1,1,1,1,1,1,1,1,1,1,1,1,1,1,1,2,2,2,2,1,1,1,3,1,1,1,1,1,2,1,1,1,1,4,1,1,4,1,1,3,1,1,2,1,1,1,1,1,1,1,1,1,1,1,1,1,1,1,1,1,1
873.00,11/11/18 20:14,19.00,2,5,1,,4,3,3,3,3,1,1,1,1,1,3,2,2,2,1,1,1,1,3,2,2,#NULL!,#NULL!,#NULL!,#NULL!,#NULL!,#NULL!,#NULL!,#NULL!,1,1,1,1,1,1,1,1,1,1,1,1,2,2,2,2,2,2,2,2,2,2,2,2,2,2,2,2,2,2,2,2,2,2,2,2,4,4,1,3,1,3,1,4,1,2,1,3,2,4,3,2,1,2,1,1,1,4,1,1,4,1,1,3,1,1,2,1,3,3,1,3,3,4,1,1,1,1,1,1,3,1
5461.00,11/11/18 21:51,19.00,2,5,1,,4,3,3,3,3,3,3,1,2,4,3,3,3,4,3,3,2,3,1,1,2,#NULL!,#NULL!,#NULL!,#NULL!,#NULL!,#NULL!,#NULL!,#NULL!,2,1,1,1,1,1,1,1,1,1,1,1,1,1,1,1,2,2,1,1,2,3,1,1,1,1,1,1,1,1,1,1,2,1,1,1,3,1,3,1,1,2,2,1,1,3,1,1,1,2,1,1,1,1,2,1,1,1,1,2,1,2,1,1,1,1,1,1,1,2,1,2,1,1,2,1,1,1,1,2,1,1
1451.00,11/12/18 9:35,21.00,2,5,1,,6,2,2,2,2,2,1,1,2,1,3,2,4,1,2,1,1,1,2,3,2,#NULL!,#NULL!,#NULL!,#NULL!,#NULL!,#NULL!,#NULL!,#NULL!,1,1,1,1,1,1,1,1,1,1,1,1,2,1,1,2,2,2,1,2,2,3,2,1,1,1,1,1,1,1,1,1,1,3,1,1,3,2,1,2,1,2,1,3,1,2,1,2,2,3,1,1,1,1,2,2,1,3,1,1,2,1,1,2,1,1,1,1,1,1,1,1,1,1,1,1,1,1,1,1,1,1
1584.00,11/12/18 13:09,20.00,2,2,1,,5,3,3,3,3,1,1,1,1,1,1,2,1,1,1,1,1,1,1,1,1,#NULL!,#NULL!,#NULL!,#NULL!,#NULL!,#NULL!,#NULL!,#NULL!,2,1,1,1,1,1,6,6,6,1,1,1,2,1,1,1,2,2,1,1,4,1,2,1,2,1,2,1,1,1,1,1,4,1,1,1,4,4,1,2,#NULL!,4,3,4,1,3,3,2,3,3,3,2,1,1,1,3,3,4,1,2,3,1,1,1,1,1,1,1,3,3,1,1,2,1,1,1,1,1,1,1,1,1
1152.00,11/12/18 14:35,18.00,2,2,1,,3,2,2,1,1,2,2,1,1,1,3,4,2,1,1,1,1,1,2,2,1,#NULL!,#NULL!,#NULL!,#NULL!,#NULL!,#NULL!,#NULL!,#NULL!,1,1,1,1,1,1,1,1,1,1,1,1,1,1,2,2,2,1,2,2,1,1,1,1,1,1,1,1,1,1,1,1,1,1,1,1,1,1,1,2,1,1,1,1,2,1,1,1,2,4,1,1,1,1,4,1,3,1,1,1,1,1,1,1,1,1,1,1,1,1,1,1,2,1,1,1,1,1,1,1,2,1
1607.00,11/12/18 14:36,18.00,2,5,1,,3,3,3,3,3,3,3,3,3,3,3,3,3,3,3,3,3,3,3,3,3,#NULL!,#NULL!,#NULL!,#NULL!,#NULL!,#NULL!,#NULL!,#NULL!,6,6,1,1,6,6,2,6,6,1,1,1,4,4,4,4,4,4,4,4,4,4,4,4,4,4,4,4,4,4,4,4,4,4,4,4,4,3,3,2,1,1,2,3,1,2,1,1,1,2,2,1,2,1,4,2,1,4,1,1,2,1,1,4,1,1,1,1,2,1,1,1,1,1,1,1,1,1,1,1,1,1
3009.00,11/12/18 14:59,18.00,2,5,1,,3,4,4,3,3,2,1,1,2,2,4,4,4,3,3,2,2,1,1,2,1,#NULL!,#NULL!,#NULL!,#NULL!,#NULL!,#NULL!,#NULL!,#NULL!,6,1,1,1,1,1,6,1,1,1,1,1,2,2,2,2,2,3,3,2,3,2,2,2,2,1,1,#NULL!,1,3,3,2,3,2,2,2,2,2,1,2,1,2,1,2,1,1,1,2,1,1,2,1,1,3,1,2,1,3,1,1,1,1,1,2,1,1,1,1,2,2,1,1,2,1,1,1,1,1,1,1,2,1
2445.00,11/12/18 15:03,19.00,1,5,2,,4,5,5,5,5,5,5,2,1,5,2,1,2,4,4,4,4,#NULL!,#NULL!,#NULL!,#NULL!,3,1,1,1,#NULL!,#NULL!,#NULL!,#NULL!,2,2,1,2,1,1,2,1,1,1,1,1,1,3,1,1,1,1,1,1,1,3,1,1,1,3,1,1,1,1,1,1,4,1,1,1,3,1,3,1,2,1,1,1,1,1,1,3,1,4,3,1,2,1,1,1,1,1,1,1,2,1,2,1,1,1,3,1,2,1,1,1,1,1,1,1,1,1,1,1,1,1
527.00,11/12/18 15:10,19.00,2,5,1,,4,2,2,2,2,1,1,1,1,1,2,2,2,2,2,1,1,1,1,1,1,#NULL!,#NULL!,#NULL!,#NULL!,#NULL!,#NULL!,#NULL!,#NULL!,1,1,1,1,6,1,1,1,1,1,1,1,1,1,1,1,1,1,1,1,1,1,1,1,1,1,1,1,1,1,1,1,1,1,1,1,2,1,1,1,1,1,1,3,1,1,1,2,1,3,1,1,1,2,#NULL!,1,1,3,2,2,1,1,1,1,1,1,1,1,1,2,1,1,1,1,1,1,1,1,1,1,1,2
757.00,11/12/18 17:46,19.00,2,5,1,,4,1,1,1,1,1,3,4,4,4,3,4,1,1,1,1,1,1,1,1,1,#NULL!,#NULL!,#NULL!,#NULL!,#NULL!,#NULL!,#NULL!,#NULL!,1,1,1,1,1,1,1,1,1,1,1,1,1,1,1,1,1,1,1,1,4,4,3,3,1,1,1,1,1,1,1,1,4,4,3,3,4,4,2,1,1,1,3,2,1,2,1,3,1,3,3,2,1,1,4,2,1,3,3,1,3,2,1,1,1,1,1,1,3,3,2,1,2,1,1,1,1,1,1,1,3,1
2900.00,11/12/18 18:11,21.00,2,2,1,,6,3,1,1,3,3,1,2,2,1,3,2,4,4,4,2,2,1,3,3,3,#NULL!,#NULL!,#NULL!,#NULL!,#NULL!,#NULL!,#NULL!,#NULL!,6,1,1,1,1,1,6,6,6,1,1,1,1,1,1,1,1,1,1,1,1,1,1,1,1,1,1,1,1,1,1,1,1,1,1,1,2,1,2,2,1,1,1,2,2,2,1,2,1,2,1,1,1,1,1,1,1,2,1,1,2,1,1,1,1,1,1,1,1,1,1,1,1,1,1,1,1,1,#NULL!,1,1,1
2175.00,11/12/18 23:00,20.00,2,5,1,,5,3,3,3,3,3,1,1,1,1,5,5,5,5,4,1,2,2,1,5,2,#NULL!,#NULL!,#NULL!,#NULL!,#NULL!,#NULL!,#NULL!,#NULL!,2,1,1,1,1,1,1,1,1,1,1,1,3,2,2,3,3,3,1,1,1,1,2,1,2,2,2,3,2,2,1,1,1,1,2,1,2,4,1,1,1,3,4,4,1,3,1,4,2,4,3,1,1,1,4,2,2,4,1,2,2,1,2,3,1,1,2,1,1,2,1,1,3,1,1,1,1,1,1,1,1,1
25544.00,11/12/18 23:34,21.00,2,5,1,,6,1,1,1,1,3,2,1,1,2,3,3,2,#NULL!,#NULL!,4,2,2,2,2,2,#NULL!,#NULL!,#NULL!,#NULL!,#NULL!,#NULL!,#NULL!,#NULL!,2,6,1,6,1,6,1,1,1,1,1,1,3,3,2,1,2,1,1,1,1,3,1,1,1,1,1,1,1,1,1,1,1,1,1,1,3,1,2,1,1,1,1,1,1,3,1,2,1,3,2,2,2,1,3,2,1,3,3,1,3,1,1,1,1,1,1,1,1,2,2,1,2,1,1,1,1,1,1,1,1,1
1430.00,11/13/18 0:24,18.00,2,2,1,,3,1,1,1,1,1,1,1,1,1,2,1,2,2,2,1,1,1,1,2,1,#NULL!,#NULL!,#NULL!,#NULL!,#NULL!,#NULL!,#NULL!,#NULL!,3,1,1,1,1,1,1,1,1,1,1,1,2,2,1,1,2,1,1,1,1,1,1,1,1,1,1,1,1,1,1,1,1,1,1,1,3,2,1,2,1,2,2,2,1,2,1,2,2,2,2,1,2,1,2,1,3,1,1,1,3,1,1,2,1,1,1,1,1,1,1,1,1,1,1,1,1,1,1,1,1,1
1600.00,11/13/18 11:22,18.00,2,5,1,,3,4,4,4,4,4,1,1,1,2,2,2,1,2,1,1,1,1,1,1,1,#NULL!,#NULL!,#NULL!,#NULL!,#NULL!,#NULL!,#NULL!,#NULL!,1,1,1,1,1,1,1,1,1,1,1,1,3,1,1,1,2,2,1,1,2,1,1,1,2,1,1,2,2,2,1,1,3,1,1,1,4,2,2,1,1,3,1,4,2,3,1,3,1,2,2,1,2,1,2,3,1,2,1,1,1,1,1,2,1,1,1,1,1,1,1,1,1,2,1,1,1,1,1,1,1,1
1130.00,11/13/18 16:38,18.00,2,5,1,,3,5,5,5,5,5,5,5,5,5,5,5,5,3,3,3,3,3,3,3,3,#NULL!,#NULL!,#NULL!,#NULL!,#NULL!,#NULL!,#NULL!,#NULL!,2,2,2,2,2,1,6,1,2,6,6,6,2,2,2,2,2,2,2,2,2,2,2,2,2,2,2,2,2,2,2,2,2,2,2,2,4,2,1,2,3,3,3,2,1,3,3,3,3,3,3,1,4,1,1,1,1,3,3,2,3,1,1,2,1,1,2,1,3,3,3,1,2,2,2,2,1,1,2,2,2,2
2325.00,11/13/18 18:56,39.00,1,5,2,,8,2,2,5,5,4,2,2,3,2,2,2,3,2,2,2,2,#NULL!,#NULL!,#NULL!,#NULL!,2,1,1,1,#NULL!,#NULL!,#NULL!,#NULL!,2,1,1,1,1,1,1,1,1,1,1,1,3,3,2,2,2,2,2,2,2,3,2,2,2,2,2,2,2,2,2,2,1,2,2,2,2,1,1,1,1,2,1,2,1,1,2,2,1,2,2,1,3,1,3,1,1,2,1,2,2,1,1,2,1,1,1,1,2,2,1,1,2,1,1,2,2,1,1,1,1,1
1359.00,11/13/18 21:06,20.00,1,5,2,,5,2,2,3,3,3,2,2,2,2,3,2,2,3,2,2,2,#NULL!,#NULL!,#NULL!,#NULL!,2,3,3,3,#NULL!,#NULL!,#NULL!,#NULL!,2,1,1,1,1,1,1,1,1,1,1,1,2,1,1,3,2,2,1,1,2,1,1,1,2,1,1,1,2,2,1,1,1,2,1,1,2,1,1,1,1,1,1,1,1,1,1,1,1,2,1,1,1,1,1,1,1,1,1,1,1,1,1,1,1,1,1,1,1,1,1,1,1,1,1,1,1,1,1,1,1,1
1265.00,11/13/18 22:15,19.00,1,6,2,,4,5,2,5,5,5,2,1,5,3,1,1,1,5,5,1,1,#NULL!,#NULL!,#NULL!,#NULL!,5,2,3,2,#NULL!,#NULL!,#NULL!,#NULL!,3,1,1,1,1,1,1,1,1,1,1,1,3,1,1,4,1,1,1,1,2,3,3,2,1,1,1,1,2,2,1,2,1,1,1,1,1,1,1,1,1,2,2,1,1,1,1,2,1,2,2,1,2,1,4,1,1,3,1,2,1,1,1,1,1,1,2,1,1,1,1,1,1,1,1,1,1,1,1,1,1,1
2796.00,11/14/18 2:07,18.00,1,2,2,,3,3,4,3,4,3,2,2,2,3,4,3,1,1,1,1,1,#NULL!,#NULL!,#NULL!,#NULL!,1,1,1,1,#NULL!,#NULL!,#NULL!,#NULL!,2,1,1,1,1,1,1,1,1,1,1,1,3,1,1,3,1,1,2,1,3,3,1,1,1,1,1,1,1,1,1,1,3,1,1,1,2,1,2,1,1,1,3,1,1,1,1,1,1,3,1,1,1,2,1,1,1,2,1,1,1,1,1,1,1,1,1,1,1,1,1,2,1,1,1,1,1,1,1,1,2,1
1655.00,11/14/18 10:26,22.00,2,5,1,,7,3,3,3,3,4,4,4,4,4,3,3,3,1,1,1,1,1,3,3,3,#NULL!,#NULL!,#NULL!,#NULL!,#NULL!,#NULL!,#NULL!,#NULL!,1,1,1,1,1,1,1,1,1,1,1,1,3,2,1,3,2,2,2,2,2,2,2,2,2,1,1,2,2,3,2,2,2,2,2,3,1,1,1,1,1,4,3,1,4,3,1,4,4,2,4,1,4,1,1,3,3,4,1,1,1,1,1,1,1,1,3,1,3,3,3,1,4,3,1,1,1,1,1,1,1,1
845.00,11/14/18 12:33,18.00,2,5,1,,3,1,3,3,3,3,2,2,2,4,2,2,2,3,3,3,3,2,3,3,3,#NULL!,#NULL!,#NULL!,#NULL!,#NULL!,#NULL!,#NULL!,#NULL!,2,2,1,1,1,1,6,1,1,1,1,1,3,1,2,2,3,3,3,2,3,3,2,2,1,1,2,1,2,2,2,2,1,2,1,1,2,2,2,4,1,2,2,2,2,1,1,2,2,3,2,1,2,1,4,2,1,4,3,1,3,1,1,4,1,1,1,1,1,2,1,1,2,1,2,1,2,1,3,2,3,1
266503.00,11/14/18 15:02,19.00,2,5,1,,4,5,5,5,5,5,5,1,1,2,5,5,5,5,5,5,5,5,1,1,1,#NULL!,#NULL!,#NULL!,#NULL!,#NULL!,#NULL!,#NULL!,#NULL!,3,2,3,3,2,2,1,1,1,1,1,1,1,1,1,1,1,1,1,1,1,1,1,1,1,1,1,1,1,1,1,1,1,1,1,1,3,3,1,1,1,2,1,4,2,3,1,2,1,2,2,2,1,1,1,1,1,3,2,2,3,2,1,4,1,1,1,1,1,1,1,1,1,1,2,1,1,1,1,1,1,1
1299.00,11/14/18 15:51,19.00,2,5,1,,4,3,3,3,3,4,3,2,2,2,2,2,2,1,1,1,1,1,1,1,1,#NULL!,#NULL!,#NULL!,#NULL!,#NULL!,#NULL!,#NULL!,#NULL!,2,2,1,6,1,1,1,1,1,1,1,1,2,2,2,3,3,3,2,2,1,1,1,2,2,1,1,2,3,2,2,1,1,1,1,2,2,2,1,4,1,1,2,2,1,1,1,1,3,1,1,2,3,1,3,1,3,4,1,1,1,1,1,1,1,1,1,1,1,1,1,2,3,1,1,1,1,1,1,1,1,1
2855.00,11/14/18 18:03,20.00,1,5,2,,5,2,2,5,5,5,3,1,1,2,3,2,2,4,4,1,1,#NULL!,#NULL!,#NULL!,#NULL!,2,1,3,3,#NULL!,#NULL!,#NULL!,#NULL!,1,1,1,1,1,1,1,1,1,1,1,1,3,2,2,1,1,2,1,1,2,4,2,2,2,2,1,1,1,1,1,1,1,4,2,2,1,1,1,3,2,1,1,1,2,1,2,1,1,1,1,1,2,1,1,1,1,3,2,1,1,1,1,1,1,1,1,1,1,1,1,1,1,1,1,1,1,1,1,1,1,1
1416.00,11/14/18 19:18,21.00,2,5,1,,5,3,3,3,3,4,1,1,1,1,2,1,1,2,2,2,2,2,1,1,1,#NULL!,#NULL!,#NULL!,#NULL!,#NULL!,#NULL!,#NULL!,#NULL!,1,1,1,1,1,1,1,1,1,1,1,1,3,1,1,1,1,1,1,1,1,1,1,1,3,1,1,1,1,1,1,1,1,1,1,1,4,1,2,2,1,2,1,3,1,1,1,2,2,2,2,1,1,1,2,2,1,3,1,1,2,1,1,2,1,1,1,1,1,1,1,1,1,1,1,1,1,1,1,1,3,1
13373.00,11/14/18 20:29,19.00,1,5,2,,4,3,2,3,3,2,1,1,1,1,3,3,1,1,1,1,1,#NULL!,#NULL!,#NULL!,#NULL!,1,1,1,2,#NULL!,#NULL!,#NULL!,#NULL!,2,1,1,1,1,1,1,1,1,1,1,1,3,2,2,3,4,3,1,1,1,1,1,1,2,2,2,3,3,1,1,1,1,1,1,1,2,1,2,2,1,1,1,1,1,1,1,1,2,4,2,1,1,1,1,1,1,1,1,1,2,1,1,1,1,1,1,1,2,2,1,1,1,1,1,1,1,1,2,1,1,1
9333.00,11/14/18 20:48,20.00,2,5,1,,5,3,3,3,3,3,1,1,3,1,2,2,2,2,2,1,1,1,2,3,1,#NULL!,#NULL!,#NULL!,#NULL!,#NULL!,#NULL!,#NULL!,#NULL!,1,1,1,1,#NULL!,1,1,1,1,1,1,1,1,1,1,1,1,1,1,1,4,2,1,1,1,1,1,1,3,2,2,3,4,3,1,1,4,4,1,4,1,2,1,4,1,3,1,1,1,4,2,1,2,1,4,1,1,4,1,1,1,1,1,1,1,1,1,1,1,1,1,1,1,1,1,1,1,1,1,1,1,1
2016.00,11/14/18 21:34,19.00,2,5,1,,4,1,1,2,2,4,1,1,1,1,1,1,1,1,1,1,1,1,1,3,1,#NULL!,#NULL!,#NULL!,#NULL!,#NULL!,#NULL!,#NULL!,#NULL!,1,1,1,1,1,1,6,1,1,1,1,1,1,1,1,1,3,1,1,1,1,1,1,1,2,1,1,1,1,1,1,1,1,1,1,1,1,2,1,1,1,1,1,1,1,2,1,4,3,1,2,1,1,1,1,1,1,2,1,1,1,3,1,1,1,1,2,1,1,2,1,1,1,1,1,1,1,1,#NULL!,1,2,1
3220.00,11/14/18 21:48,19.00,2,6,1,,4,1,2,1,1,2,1,1,1,1,1,1,1,1,1,1,1,1,1,1,1,#NULL!,#NULL!,#NULL!,#NULL!,#NULL!,#NULL!,#NULL!,#NULL!,1,1,1,1,1,1,6,1,1,1,1,1,2,1,1,2,2,1,1,#NULL!,1,1,1,1,1,1,1,1,1,1,1,1,1,1,1,1,4,4,1,2,1,4,4,4,3,2,1,4,2,1,4,1,1,4,1,1,1,4,1,1,1,1,1,3,1,1,1,1,1,2,1,1,#NULL!,1,1,1,1,1,3,2,1,1
2335.00,11/14/18 22:07,20.00,1,5,2,,5,4,3,1,3,4,3,1,1,1,1,1,1,3,2,1,1,#NULL!,#NULL!,#NULL!,#NULL!,1,1,1,1,#NULL!,#NULL!,#NULL!,#NULL!,1,1,1,#NULL!,1,1,1,1,1,1,1,1,1,1,1,2,1,1,1,1,1,1,1,1,1,1,1,1,1,1,1,1,1,1,1,1,3,1,1,1,2,1,1,1,1,2,1,1,1,3,1,1,1,1,4,1,1,3,1,1,2,1,1,1,1,1,1,1,1,2,1,1,1,1,1,1,1,1,1,1,1,1
2709.00,11/15/18 9:58,21.00,1,5,2,,6,3,3,4,3,1,1,1,1,1,3,3,3,1,1,1,1,#NULL!,#NULL!,#NULL!,#NULL!,1,1,1,1,#NULL!,#NULL!,#NULL!,#NULL!,1,1,1,1,1,1,1,1,1,1,1,1,3,1,1,1,1,1,1,1,1,1,1,1,3,1,1,1,1,1,1,1,1,1,1,1,2,2,1,1,1,2,3,1,4,3,1,1,1,3,2,1,1,3,1,1,1,1,1,1,1,1,1,1,1,1,3,1,1,3,4,1,1,1,2,1,2,1,1,1,3,3
960.00,11/15/18 10:15,19.00,2,5,1,,4,2,2,2,2,1,1,1,1,1,3,3,3,1,1,1,1,1,1,1,1,#NULL!,#NULL!,#NULL!,#NULL!,#NULL!,#NULL!,#NULL!,#NULL!,1,1,1,1,1,1,1,1,1,1,1,1,2,1,1,1,2,1,1,1,1,2,1,1,2,1,1,1,1,1,1,1,1,1,1,1,2,1,1,1,1,2,1,1,1,2,1,1,1,1,1,1,1,1,4,1,1,1,1,1,1,1,1,1,1,1,1,1,1,2,1,1,1,1,1,1,1,1,1,1,1,1
3556.00,11/15/18 16:05,18.00,1,5,2,,3,3,3,3,3,1,1,1,1,1,2,2,1,2,1,1,1,#NULL!,#NULL!,#NULL!,#NULL!,1,2,2,1,#NULL!,#NULL!,#NULL!,#NULL!,2,1,1,1,1,1,1,1,1,1,1,1,4,1,1,1,1,1,1,1,1,1,1,1,1,1,1,1,1,1,1,1,1,1,1,1,1,1,1,1,1,1,1,1,2,3,1,2,2,2,3,1,1,2,1,1,1,2,1,1,3,1,1,1,1,1,2,1,1,2,1,1,1,2,2,1,3,3,1,1,3,2
1396.00,11/15/18 21:40,19.00,2,5,1,,4,2,2,2,2,1,1,1,1,1,4,4,4,1,1,1,1,1,1,1,1,#NULL!,#NULL!,#NULL!,#NULL!,#NULL!,#NULL!,#NULL!,#NULL!,1,1,1,1,1,1,1,1,1,1,1,1,2,2,2,2,2,2,2,2,2,2,2,2,1,1,1,1,1,1,1,1,1,1,1,1,4,1,1,4,1,1,1,1,2,4,1,1,1,1,2,1,3,1,1,1,1,1,1,1,1,1,1,2,1,1,1,1,1,2,1,1,1,1,1,1,1,1,1,1,1,1
3263.00,11/15/18 23:21,19.00,2,5,1,,4,4,3,4,4,3,4,5,1,5,5,5,5,5,1,1,1,5,3,1,1,#NULL!,#NULL!,#NULL!,#NULL!,#NULL!,#NULL!,#NULL!,#NULL!,2,2,1,3,2,1,2,1,1,1,1,1,2,2,3,3,3,3,3,2,3,4,2,3,2,2,2,3,3,3,3,2,3,4,3,3,4,4,1,4,1,4,4,4,1,2,1,4,4,4,4,3,4,2,1,1,1,4,1,1,4,4,1,3,1,1,1,4,1,1,1,1,1,1,1,1,1,1,1,1,3,3
2634.00,11/16/18 13:51,19.00,2,5,1,,4,3,2,2,2,5,2,3,3,2,4,4,4,3,3,1,3,3,4,4,4,#NULL!,#NULL!,#NULL!,#NULL!,#NULL!,#NULL!,#NULL!,#NULL!,2,2,1,1,3,6,1,1,6,1,6,6,3,3,3,4,3,3,2,2,2,3,3,3,3,3,4,3,3,3,2,4,3,4,4,4,3,3,1,2,2,4,4,1,2,3,4,4,2,4,4,3,4,2,2,4,4,4,4,1,1,2,1,1,2,1,4,2,4,4,4,1,3,4,2,4,1,1,1,1,1,1
1191.00,11/16/18 16:07,19.00,1,5,2,,4,3,3,2,3,2,1,1,1,1,2,1,1,2,1,2,2,#NULL!,#NULL!,#NULL!,#NULL!,1,1,1,1,#NULL!,#NULL!,#NULL!,#NULL!,6,1,1,1,6,1,1,1,1,1,1,1,2,1,3,2,2,2,1,1,3,3,3,1,1,1,1,3,1,1,1,1,1,2,1,1,2,1,1,1,1,1,4,1,1,4,1,2,2,2,2,1,1,3,2,1,1,1,1,1,1,1,1,2,2,1,3,2,2,3,2,1,2,2,1,3,1,1,1,1,1,1
1203.00,11/18/18 12:59,18.00,2,5,1,,3,5,5,5,5,5,2,4,3,2,5,5,5,5,5,5,5,4,5,5,4,#NULL!,#NULL!,#NULL!,#NULL!,#NULL!,#NULL!,#NULL!,#NULL!,6,1,1,1,1,1,6,6,6,1,1,1,4,4,2,3,4,3,4,4,2,3,3,3,4,3,3,3,3,4,3,3,2,3,3,3,4,3,3,3,2,3,4,4,2,4,3,4,4,4,4,4,3,1,4,4,4,4,2,1,3,1,1,3,3,1,2,3,3,4,2,1,3,2,4,1,1,1,1,2,1,1
2434.00,11/18/18 14:27,20.00,1,6,2,,5,2,1,5,3,3,2,3,2,2,4,3,3,2,2,2,2,#NULL!,#NULL!,#NULL!,#NULL!,2,2,2,3,#NULL!,#NULL!,#NULL!,#NULL!,1,1,1,1,1,1,1,1,1,1,1,1,1,1,1,1,1,1,3,3,1,2,1,1,1,1,1,1,1,1,1,1,1,1,1,1,3,4,1,1,1,4,4,4,1,3,2,4,2,3,4,3,1,1,4,2,2,3,1,2,1,1,1,4,1,1,1,1,4,4,1,1,3,1,1,1,1,1,3,3,3,1
1405.00,11/18/18 17:54,18.00,2,2,1,,3,3,2,2,2,3,2,2,1,2,3,2,1,2,2,2,2,2,1,1,1,#NULL!,#NULL!,#NULL!,#NULL!,#NULL!,#NULL!,#NULL!,#NULL!,1,1,1,1,1,1,1,1,1,1,1,1,1,1,1,1,1,1,1,1,1,1,1,1,1,1,1,1,1,1,1,1,1,1,1,1,3,1,1,2,1,4,2,2,1,1,1,4,2,4,3,4,1,2,4,2,1,4,1,2,1,1,1,1,1,1,2,1,1,1,1,1,2,2,1,2,1,1,1,1,1,1
1833.00,11/18/18 20:08,20.00,2,5,1,,5,1,1,1,1,2,2,2,2,2,2,2,2,2,2,2,2,1,1,1,1,#NULL!,#NULL!,#NULL!,#NULL!,#NULL!,#NULL!,#NULL!,#NULL!,1,1,1,1,1,1,1,1,1,1,1,1,1,1,1,1,1,1,1,1,1,1,1,1,1,1,1,1,1,1,1,1,1,1,1,1,1,1,1,1,1,1,1,1,1,1,1,1,1,1,1,1,1,1,1,1,1,1,1,1,1,1,1,1,1,1,1,1,1,1,1,1,1,1,1,1,1,1,1,1,1,1
1921.00,11/18/18 22:27,19.00,2,5,1,,4,3,3,3,3,3,2,4,5,2,2,1,2,1,1,1,1,1,2,4,1,#NULL!,#NULL!,#NULL!,#NULL!,#NULL!,#NULL!,#NULL!,#NULL!,3,1,1,1,2,6,6,1,6,1,6,6,2,2,3,2,2,2,1,1,1,2,2,2,2,3,2,3,3,3,1,3,3,2,3,3,4,2,1,3,1,4,4,3,4,4,1,4,3,4,4,3,2,4,4,4,4,4,1,4,4,3,1,4,1,1,3,2,3,4,4,4,4,4,4,1,2,1,1,1,2,1
1930.00,11/19/18 12:33,20.00,2,3,1,,5,5,5,5,5,5,1,1,3,5,1,1,1,3,3,1,1,2,2,2,3,#NULL!,#NULL!,#NULL!,#NULL!,#NULL!,#NULL!,#NULL!,#NULL!,1,1,1,1,1,1,6,1,1,1,1,1,1,2,2,2,2,2,2,2,2,2,2,2,3,2,2,2,2,2,2,2,2,2,2,2,3,3,1,1,1,1,1,3,1,2,1,3,1,2,2,1,1,1,1,1,3,3,1,1,1,1,1,1,1,1,1,1,3,2,1,1,1,1,2,2,2,2,1,1,2,1
744.00,11/19/18 14:24,19.00,1,5,2,,4,2,2,1,1,5,4,4,4,4,4,4,4,4,3,4,4,#NULL!,#NULL!,#NULL!,#NULL!,4,4,4,4,#NULL!,#NULL!,#NULL!,#NULL!,4,1,2,1,6,1,1,1,1,1,1,1,3,3,3,3,2,3,1,2,1,1,1,1,2,1,1,1,2,2,1,1,1,2,1,1,3,1,1,3,1,1,1,1,1,3,2,3,1,1,2,1,4,1,2,1,1,1,1,1,3,1,1,1,1,1,2,1,1,1,2,1,1,1,1,1,1,1,1,1,1,1
1722.00,11/19/18 21:18,18.00,2,5,1,,3,2,2,2,2,2,3,1,2,1,3,3,3,1,1,1,1,1,1,2,1,#NULL!,#NULL!,#NULL!,#NULL!,#NULL!,#NULL!,#NULL!,#NULL!,6,1,1,1,1,1,1,1,1,1,1,1,2,2,3,3,2,2,1,2,2,3,2,3,2,2,3,2,2,2,2,2,2,3,2,2,2,3,1,1,1,3,2,3,1,3,1,4,1,2,3,1,3,2,2,2,3,1,1,1,2,2,1,2,1,1,3,1,3,4,2,2,3,1,2,1,1,1,2,1,1,1
1409.00,11/19/18 21:19,18.00,2,5,1,,3,2,4,5,5,4,4,4,5,2,5,5,2,5,5,1,1,3,1,2,1,#NULL!,#NULL!,#NULL!,#NULL!,#NULL!,#NULL!,#NULL!,#NULL!,6,1,1,1,1,1,1,1,1,1,1,1,2,2,3,1,1,1,1,1,1,1,1,1,2,2,3,1,1,1,1,1,1,1,1,1,3,1,1,4,1,2,1,2,1,1,1,2,1,3,2,2,1,1,2,1,1,2,1,1,2,1,1,1,1,1,1,1,1,2,1,1,1,1,1,1,1,1,1,1,1,1
1470.00,11/20/18 14:36,19.00,2,5,1,,4,2,2,2,2,1,1,1,1,1,2,1,1,1,1,1,1,1,1,1,1,#NULL!,#NULL!,#NULL!,#NULL!,#NULL!,#NULL!,#NULL!,#NULL!,1,1,1,1,1,1,1,1,1,1,1,1,1,1,1,1,1,1,1,1,1,1,1,1,1,1,1,1,1,1,1,1,1,1,1,1,2,2,1,1,1,1,2,3,2,1,1,2,1,3,2,1,2,1,4,2,1,2,1,1,1,1,1,2,1,1,1,1,1,1,1,1,1,1,1,1,1,1,1,1,1,1
1536.00,11/20/18 17:53,18.00,2,5,1,,3,3,2,3,3,2,2,2,1,1,2,3,2,2,2,1,1,2,1,1,2,#NULL!,#NULL!,#NULL!,#NULL!,#NULL!,#NULL!,#NULL!,#NULL!,6,1,1,1,1,1,1,1,1,1,1,1,2,1,1,2,1,1,1,1,1,1,1,1,1,1,1,1,1,1,1,1,1,1,1,1,3,3,1,2,1,2,2,2,1,3,1,2,1,3,2,2,1,1,1,4,1,2,1,1,2,1,1,1,1,1,2,1,1,2,1,1,1,1,1,1,1,1,1,1,1,1
10045.00,11/20/18 18:51,19.00,1,4,2,,4,3,3,4,4,3,3,#NULL!,2,5,3,3,1,1,1,1,1,#NULL!,#NULL!,#NULL!,#NULL!,1,1,1,1,#NULL!,#NULL!,#NULL!,#NULL!,2,3,1,1,3,1,1,1,1,1,1,1,1,1,1,2,2,2,2,1,1,4,1,1,1,1,1,1,1,1,1,1,1,1,1,1,2,4,4,4,1,3,3,2,1,4,2,3,1,4,3,2,2,3,4,1,1,4,2,3,3,1,1,1,2,1,1,1,2,3,1,2,2,2,4,2,1,1,2,2,1,1
1136.00,11/20/18 21:53,23.00,2,5,1,,8,5,4,4,4,5,5,4,3,5,1,1,1,3,3,2,3,2,2,2,2,#NULL!,#NULL!,#NULL!,#NULL!,#NULL!,#NULL!,#NULL!,#NULL!,3,1,1,1,1,1,2,1,1,1,1,1,3,3,3,3,3,3,3,3,3,3,3,3,3,3,3,3,3,3,3,3,3,3,3,3,2,1,1,1,2,1,1,2,3,1,1,4,3,1,4,1,4,1,4,3,2,4,4,1,2,2,1,2,3,1,1,1,3,2,1,1,4,1,1,2,1,1,3,1,3,2
1769.00,11/21/18 11:14,20.00,1,5,2,,5,3,2,4,4,4,3,2,3,2,2,2,1,3,3,1,1,#NULL!,#NULL!,#NULL!,#NULL!,3,1,1,1,#NULL!,#NULL!,#NULL!,#NULL!,1,1,1,1,1,1,1,1,1,1,1,1,2,1,1,1,1,2,1,1,1,1,1,1,2,1,1,1,1,2,1,1,1,1,1,1,1,1,1,2,1,2,1,2,3,1,1,2,2,2,1,1,2,1,4,1,1,1,1,2,2,1,1,1,1,1,1,2,2,2,1,1,2,1,1,1,1,1,1,1,1,1
1307.00,11/21/18 12:57,19.00,2,5,1,,4,3,3,3,3,3,3,2,2,2,2,2,2,2,2,2,1,2,4,4,4,#NULL!,#NULL!,#NULL!,#NULL!,#NULL!,#NULL!,#NULL!,#NULL!,3,3,1,3,1,6,2,1,6,1,1,1,2,1,1,2,1,1,1,1,1,1,1,1,1,1,1,2,1,1,1,1,1,1,1,1,2,1,2,1,1,2,2,3,2,3,1,2,1,2,4,1,2,2,1,3,3,3,1,1,1,2,1,2,1,1,3,1,2,3,1,1,4,1,3,1,1,1,2,1,3,1
1630.00,11/21/18 13:00,20.00,2,5,1,,5,5,5,5,5,5,3,3,2,3,5,5,4,4,3,1,1,3,3,3,3,#NULL!,#NULL!,#NULL!,#NULL!,#NULL!,#NULL!,#NULL!,#NULL!,3,3,1,1,1,1,2,6,1,1,1,1,4,4,4,4,4,4,4,4,3,3,3,3,4,3,3,4,3,3,3,3,3,3,3,3,2,4,2,3,3,4,1,4,3,2,1,4,3,2,2,1,1,1,1,2,2,2,1,1,1,1,1,2,1,1,2,1,4,1,1,1,2,2,1,1,2,1,1,1,1,1
1837.00,11/21/18 17:57,18.00,2,4,1,,3,2,1,2,2,2,1,1,1,1,1,1,1,1,1,1,1,1,1,1,1,#NULL!,#NULL!,#NULL!,#NULL!,#NULL!,#NULL!,#NULL!,#NULL!,1,1,1,1,1,1,1,1,1,1,1,1,2,1,1,1,1,1,1,1,4,1,1,1,1,1,1,1,1,1,1,1,1,1,1,1,3,2,1,1,1,1,1,3,1,3,1,1,1,1,3,3,1,1,3,1,1,1,1,1,1,1,1,1,1,1,1,1,1,1,1,1,1,1,1,1,1,1,1,1,1,1
5018.00,11/23/18 15:34,18.00,1,2,2,,4,2,2,1,2,3,1,1,1,1,2,2,2,3,3,1,1,#NULL!,#NULL!,#NULL!,#NULL!,3,3,3,3,#NULL!,#NULL!,#NULL!,#NULL!,1,1,1,1,1,1,1,1,1,1,1,1,1,1,1,1,1,1,1,1,1,1,1,1,2,1,1,1,1,1,3,1,2,4,2,2,2,1,1,4,1,1,1,2,1,1,1,1,2,4,2,2,2,1,3,1,1,4,1,2,2,1,1,2,1,1,1,1,2,1,1,1,2,1,1,1,1,1,1,1,#NULL!,1
1087.00,11/23/18 18:26,21.00,2,5,1,,6,4,4,4,4,4,4,4,4,4,4,4,4,2,2,3,2,3,2,3,1,#NULL!,#NULL!,#NULL!,#NULL!,#NULL!,#NULL!,#NULL!,#NULL!,2,1,1,1,1,1,6,1,1,1,1,1,3,2,2,4,4,4,3,4,1,3,1,2,2,2,3,4,4,4,4,4,1,1,1,3,4,4,3,3,2,1,1,2,2,2,1,2,1,1,2,2,4,1,1,2,1,3,1,1,1,1,1,3,1,1,1,2,1,3,1,1,1,1,2,1,1,1,1,1,3,1
1566.00,11/23/18 20:48,19.00,2,5,1,,4,5,5,4,4,2,3,3,1,2,3,1,2,2,2,2,2,2,3,2,2,#NULL!,#NULL!,#NULL!,#NULL!,#NULL!,#NULL!,#NULL!,#NULL!,2,1,1,1,1,1,1,1,1,1,1,1,4,3,3,4,4,4,4,4,3,3,4,4,4,3,3,4,4,4,4,4,3,3,4,4,3,1,1,1,2,4,1,4,1,3,1,2,2,2,4,4,3,2,3,1,2,3,1,2,2,1,1,4,1,1,2,1,4,3,2,1,4,2,2,2,1,1,1,1,1,1
2391.00,11/24/18 16:03,#NULL!,1,6,2,,8,2,3,3,3,2,1,1,1,3,3,3,3,2,2,1,1,#NULL!,#NULL!,#NULL!,#NULL!,1,1,2,2,#NULL!,#NULL!,#NULL!,#NULL!,1,1,1,1,1,1,1,1,1,1,1,1,3,1,1,2,2,2,2,2,2,2,2,2,3,1,1,1,2,2,2,2,2,2,2,2,2,1,1,1,1,1,1,1,1,1,1,1,1,1,1,1,1,1,4,1,1,4,1,1,1,1,1,1,1,1,1,1,1,1,1,1,1,1,1,1,1,1,1,2,1,1
2298.00,11/24/18 18:49,19.00,1,6,2,,4,2,2,2,2,3,2,3,1,3,1,1,1,3,2,1,1,#NULL!,#NULL!,#NULL!,#NULL!,2,1,1,1,#NULL!,#NULL!,#NULL!,#NULL!,2,2,2,2,2,3,6,1,1,1,1,1,2,2,2,3,2,2,1,2,2,2,2,2,2,2,2,2,2,2,2,2,2,2,2,2,1,4,3,2,1,2,3,3,2,1,2,3,2,3,1,1,2,4,1,1,1,2,3,3,1,1,2,2,2,1,1,1,1,2,1,3,2,1,1,1,1,1,1,2,1,1
1465.00,11/25/18 11:21,18.00,2,5,1,,3,2,1,1,2,1,1,1,1,1,4,3,2,3,3,1,1,1,1,1,1,#NULL!,#NULL!,#NULL!,#NULL!,#NULL!,#NULL!,#NULL!,#NULL!,1,1,1,1,1,1,1,1,1,1,1,1,1,1,1,1,1,1,1,1,1,1,1,1,1,1,1,2,1,1,1,1,1,1,1,1,3,2,1,2,1,1,1,1,1,1,1,2,1,1,2,1,1,1,2,1,1,1,1,1,2,1,1,1,1,1,1,1,1,1,1,1,1,1,1,1,1,1,1,1,1,1
745.00,11/25/18 21:34,20.00,2,5,1,,5,3,2,3,3,3,3,3,4,3,4,3,4,3,4,3,4,2,3,3,3,#NULL!,#NULL!,#NULL!,#NULL!,#NULL!,#NULL!,#NULL!,#NULL!,6,2,2,2,2,6,2,6,6,2,6,6,2,3,3,2,2,3,3,2,2,3,3,2,2,3,3,2,2,3,3,3,2,3,2,3,3,3,2,2,#NULL!,3,3,3,2,3,2,2,3,2,2,2,3,2,3,3,3,3,2,3,3,2,3,2,3,3,2,2,2,3,3,2,2,3,3,3,2,2,1,2,2,2
1542.00,11/25/18 23:33,18.00,2,5,1,,3,3,3,4,4,3,2,2,3,1,5,5,5,2,3,1,1,1,1,4,2,#NULL!,#NULL!,#NULL!,#NULL!,#NULL!,#NULL!,#NULL!,#NULL!,1,1,1,1,1,1,1,1,1,1,1,1,2,1,1,1,1,2,1,2,1,3,1,1,1,1,1,2,1,1,1,2,1,2,1,1,2,3,4,4,1,2,1,#NULL!,1,1,1,2,2,3,2,1,2,1,4,1,3,3,1,1,3,2,1,2,1,1,1,1,2,2,1,1,1,1,2,1,1,1,1,1,1,1
2157.00,11/26/18 14:53,20.00,1,3,2,,5,1,1,2,2,2,1,1,1,1,1,1,1,1,1,1,1,#NULL!,#NULL!,#NULL!,#NULL!,1,1,1,2,#NULL!,#NULL!,#NULL!,#NULL!,1,1,1,1,2,1,1,1,1,1,1,1,3,2,1,1,1,1,1,1,4,4,1,1,1,1,1,1,1,1,1,1,1,4,1,1,2,1,1,1,1,1,1,2,1,1,1,1,1,2,2,1,3,1,4,1,1,1,1,1,1,1,1,1,1,1,1,1,2,1,1,1,1,1,1,1,1,1,1,1,1,1
1550.00,11/26/18 15:45,18.00,1,5,2,,3,1,3,4,5,5,5,3,3,2,3,3,3,3,3,1,1,#NULL!,#NULL!,#NULL!,#NULL!,1,1,1,1,#NULL!,#NULL!,#NULL!,#NULL!,2,1,1,1,6,1,1,1,1,1,1,1,1,1,1,1,1,1,1,1,1,1,1,1,1,1,1,1,1,1,1,1,1,1,1,1,4,2,1,1,1,2,2,1,1,1,1,2,1,2,3,2,4,1,4,1,1,4,1,1,1,2,1,1,1,1,1,1,1,1,1,1,1,1,1,1,1,1,1,1,1,1
1014.00,11/26/18 17:37,19.00,1,5,2,,4,2,2,1,1,2,2,1,2,3,3,3,4,4,1,1,1,#NULL!,#NULL!,#NULL!,#NULL!,1,1,4,3,#NULL!,#NULL!,#NULL!,#NULL!,1,1,1,2,1,1,1,1,1,1,1,1,1,1,1,1,1,1,1,1,4,4,4,1,1,1,1,1,1,1,1,1,1,1,1,1,2,4,2,1,1,1,1,4,3,1,1,1,1,1,1,1,3,1,3,1,1,3,1,1,1,1,1,1,1,1,1,1,1,1,1,1,1,1,1,1,1,1,1,1,1,1
1236.00,11/26/18 20:29,18.00,2,2,1,,3,3,4,3,3,1,1,1,2,1,3,2,1,2,2,1,1,1,1,1,3,#NULL!,#NULL!,#NULL!,#NULL!,#NULL!,#NULL!,#NULL!,#NULL!,1,1,1,1,1,1,1,1,1,1,1,1,1,1,1,1,2,2,3,3,2,2,2,2,1,1,1,1,2,2,3,3,1,1,1,1,4,2,1,1,1,4,1,3,1,2,1,4,1,4,3,4,4,1,3,2,1,3,1,1,2,1,1,2,1,1,1,1,1,1,1,1,1,1,2,1,1,1,1,1,1,1
3247.00,11/26/18 20:55,18.00,2,2,1,,3,5,5,5,5,5,5,5,5,5,5,5,5,5,5,5,5,4,5,5,5,#NULL!,#NULL!,#NULL!,#NULL!,#NULL!,#NULL!,#NULL!,#NULL!,4,1,1,1,1,1,1,1,1,1,1,1,1,1,1,1,1,1,1,1,4,1,1,2,1,1,1,1,1,1,1,1,4,2,1,2,2,2,1,1,1,2,1,2,1,2,3,2,2,1,2,1,1,1,3,2,2,3,1,1,2,1,1,2,1,1,1,1,1,1,1,1,1,1,1,1,1,1,1,1,1,1
1704.00,11/27/18 13:16,#NULL!,1,5,2,,3,3,3,3,3,5,2,2,3,2,1,1,2,2,2,1,1,#NULL!,#NULL!,#NULL!,#NULL!,1,1,1,1,#NULL!,#NULL!,#NULL!,#NULL!,2,1,1,1,1,1,1,1,1,1,1,1,3,1,1,1,1,1,1,1,3,3,1,1,1,1,1,1,1,1,1,1,1,1,1,1,2,1,1,1,1,1,1,1,1,1,1,2,1,4,2,1,1,1,4,1,1,2,1,1,1,1,1,1,1,1,1,1,1,1,1,1,2,1,1,1,1,1,1,1,1,1
1665.00,11/27/18 15:15,21.00,2,5,1,,6,4,4,5,5,3,3,3,3,4,3,2,3,3,3,3,3,2,1,3,2,#NULL!,#NULL!,#NULL!,#NULL!,#NULL!,#NULL!,#NULL!,#NULL!,1,1,1,1,1,1,1,1,1,1,1,1,3,2,3,3,4,4,4,4,2,4,4,3,2,2,3,2,3,3,3,3,2,3,3,3,4,2,1,3,1,2,1,3,1,4,2,3,3,3,3,1,2,2,2,1,4,4,1,1,1,1,1,3,1,1,1,1,1,3,1,1,2,1,2,1,1,1,1,1,1,1
2614.00,11/27/18 19:03,18.00,2,5,1,,3,3,2,3,3,3,1,4,3,4,4,4,4,1,1,1,1,1,2,2,1,#NULL!,#NULL!,#NULL!,#NULL!,#NULL!,#NULL!,#NULL!,#NULL!,3,2,1,6,6,6,1,1,1,1,1,1,3,1,2,2,3,3,2,2,2,3,1,1,1,1,1,2,2,1,2,1,1,2,1,1,2,1,1,3,3,1,2,1,2,1,1,3,2,3,2,1,3,1,3,1,1,2,1,1,1,1,1,1,1,1,2,1,1,2,1,1,1,1,1,1,1,1,1,1,1,1
20989.00,11/27/18 20:33,18.00,2,5,1,,3,2,2,2,2,2,1,1,1,1,1,1,1,1,1,1,1,1,1,1,1,#NULL!,#NULL!,#NULL!,#NULL!,#NULL!,#NULL!,#NULL!,#NULL!,1,1,1,1,1,1,1,1,1,1,1,1,2,1,1,1,1,1,1,1,1,1,1,1,1,1,1,1,1,1,1,#NULL!,1,1,1,1,3,1,2,1,1,2,1,1,1,1,1,1,1,1,1,1,1,1,4,1,1,2,2,1,2,1,1,1,1,1,1,1,1,1,1,1,1,1,1,1,1,1,1,1,3,1
2427.00,11/27/18 22:57,18.00,2,5,1,,3,4,4,5,5,4,4,3,4,2,2,2,3,2,3,2,2,1,3,3,2,#NULL!,#NULL!,#NULL!,#NULL!,#NULL!,#NULL!,#NULL!,#NULL!,1,1,1,1,1,1,1,1,1,1,1,1,1,2,1,2,2,2,1,1,1,2,1,1,1,1,1,1,1,1,1,1,1,1,1,1,4,2,3,3,1,2,2,3,2,4,1,3,1,4,3,2,2,2,4,2,2,4,1,2,2,1,1,3,1,1,2,1,2,2,2,1,2,1,3,1,1,1,1,1,1,1
2218.00,11/28/18 0:02,18.00,2,5,1,,3,4,4,4,4,3,2,2,2,1,3,3,3,3,3,3,3,3,3,4,1,#NULL!,#NULL!,#NULL!,#NULL!,#NULL!,#NULL!,#NULL!,#NULL!,6,1,1,1,1,1,6,1,1,1,1,1,2,2,2,1,1,1,1,1,1,1,1,1,2,1,1,1,1,1,1,1,1,1,1,1,3,3,2,2,2,3,2,3,1,1,1,3,2,3,3,2,1,1,2,1,2,3,1,2,3,1,1,3,1,1,3,3,3,3,3,1,3,1,1,1,1,1,1,1,3,1
1573.00,11/28/18 10:57,18.00,2,5,1,,3,4,5,5,5,5,5,5,4,5,4,5,5,4,3,3,3,3,4,3,3,#NULL!,#NULL!,#NULL!,#NULL!,#NULL!,#NULL!,#NULL!,#NULL!,3,3,5,5,3,1,3,6,2,2,2,4,3,2,3,3,3,3,2,2,3,2,2,3,3,2,2,3,3,2,2,2,3,2,2,3,4,1,3,2,1,2,4,3,2,3,1,2,4,4,4,3,2,1,3,3,2,4,4,2,3,2,1,3,2,1,3,1,2,4,2,1,4,2,3,1,1,1,1,1,1,1
1288.00,11/28/18 11:39,19.00,1,6,2,,4,2,2,4,3,3,1,2,2,2,2,2,1,1,1,1,1,#NULL!,#NULL!,#NULL!,#NULL!,1,2,1,2,#NULL!,#NULL!,#NULL!,#NULL!,1,1,1,1,1,1,1,1,1,1,1,1,2,1,1,2,2,2,2,2,1,3,1,1,2,2,1,2,2,2,2,1,1,3,1,1,1,2,1,4,1,3,1,3,2,1,1,2,1,2,2,1,3,2,1,1,1,2,2,3,1,1,1,1,2,1,1,1,1,3,2,1,2,1,1,1,1,1,1,1,1,1
1574.00,11/28/18 15:22,19.00,2,5,1,,4,5,5,5,5,5,3,2,4,4,4,4,2,3,3,3,3,2,4,4,2,#NULL!,#NULL!,#NULL!,#NULL!,#NULL!,#NULL!,#NULL!,#NULL!,3,3,1,3,1,1,1,1,1,1,1,1,3,2,2,3,3,3,2,2,1,2,2,3,3,2,2,3,2,2,1,1,1,1,2,2,3,4,1,1,1,2,1,3,4,4,2,4,2,4,4,2,4,1,1,2,2,4,2,1,4,1,1,1,1,1,1,1,4,4,2,1,2,4,4,2,1,1,1,3,1,2
1222.00,11/28/18 16:02,20.00,2,2,1,,5,1,1,1,1,1,1,1,1,1,1,1,1,1,1,1,1,1,1,1,1,#NULL!,#NULL!,#NULL!,#NULL!,#NULL!,#NULL!,#NULL!,#NULL!,1,1,1,1,1,1,1,1,1,1,1,1,1,1,1,1,4,1,1,1,1,3,1,1,1,1,1,1,1,1,1,1,1,1,1,1,2,1,1,3,1,1,1,1,1,2,2,1,2,1,2,2,1,1,1,1,1,1,1,1,2,1,1,1,1,1,2,1,1,1,1,1,1,1,1,1,1,1,1,1,1,1
7441.00,11/28/18 16:08,18.00,1,6,2,,3,2,3,1,1,3,3,3,3,3,1,1,1,1,1,1,1,#NULL!,#NULL!,#NULL!,#NULL!,1,1,1,1,#NULL!,#NULL!,#NULL!,#NULL!,2,1,1,1,1,1,1,1,1,1,1,1,3,1,2,1,1,1,1,1,1,1,1,1,1,1,1,1,1,1,1,1,1,1,1,1,1,1,1,1,1,1,1,1,1,1,1,1,1,1,1,1,1,1,1,1,1,1,1,1,1,1,1,1,1,1,1,1,1,1,1,1,1,1,1,1,1,1,1,1,1,1
1920.00,11/28/18 16:19,18.00,2,6,1,,3,2,2,2,2,3,1,1,2,1,4,4,4,2,2,2,2,2,2,3,1,#NULL!,#NULL!,#NULL!,#NULL!,#NULL!,#NULL!,#NULL!,#NULL!,3,1,1,1,1,1,6,1,1,1,1,6,2,3,3,2,2,2,1,1,1,2,2,2,2,2,2,1,2,2,1,2,2,1,2,2,2,3,1,2,2,2,3,4,3,2,1,3,2,4,4,2,4,1,2,1,1,4,2,1,1,2,1,3,3,2,3,1,4,3,3,2,1,2,3,3,1,1,3,3,3,3
941.00,11/28/18 16:26,19.00,2,6,1,,4,1,1,1,1,1,1,1,1,1,1,1,1,1,1,1,1,1,1,1,1,#NULL!,#NULL!,#NULL!,#NULL!,#NULL!,#NULL!,#NULL!,#NULL!,1,1,1,1,1,1,1,1,1,1,1,1,1,1,1,1,1,1,1,1,1,1,1,1,1,1,1,1,1,1,1,1,1,1,1,1,2,3,2,2,1,3,2,3,1,2,1,4,1,3,3,1,1,1,2,1,1,3,1,1,1,1,1,1,1,1,1,1,1,1,1,1,1,1,1,1,1,1,1,1,1,1
1842.00,11/29/18 14:34,19.00,2,5,1,,4,4,4,4,3,4,2,2,3,3,5,5,5,4,4,4,4,3,4,4,4,#NULL!,#NULL!,#NULL!,#NULL!,#NULL!,#NULL!,#NULL!,#NULL!,1,1,1,1,6,1,6,1,6,1,1,1,3,2,2,2,2,2,2,2,2,2,2,2,2,2,2,2,2,2,2,2,2,2,2,2,3,3,1,1,1,4,1,3,1,3,1,4,1,2,3,1,3,1,1,3,1,4,1,2,1,1,1,2,1,1,1,1,2,1,1,1,2,1,1,1,1,1,1,1,3,2
3469.00,11/29/18 15:50,18.00,2,6,1,,3,3,2,3,3,2,1,1,2,3,2,2,3,1,1,1,1,1,2,1,1,#NULL!,#NULL!,#NULL!,#NULL!,#NULL!,#NULL!,#NULL!,#NULL!,6,1,1,1,1,1,1,1,1,1,1,1,2,2,2,2,2,2,1,2,2,2,2,2,1,1,1,1,1,1,1,1,1,1,1,1,3,2,2,1,1,2,2,2,2,1,1,1,1,2,2,1,1,1,1,1,1,2,1,1,1,1,1,1,1,1,1,1,1,1,1,1,1,1,1,1,1,1,1,1,1,1
2527.00,11/29/18 17:05,20.00,1,5,2,,5,2,2,4,3,1,1,1,3,2,2,3,2,1,2,1,1,#NULL!,#NULL!,#NULL!,#NULL!,1,1,2,2,#NULL!,#NULL!,#NULL!,#NULL!,1,1,1,1,1,1,1,1,1,1,1,1,1,1,1,2,2,1,1,1,4,2,1,2,1,1,2,2,2,1,1,1,4,2,1,2,2,1,1,2,1,3,1,2,1,1,1,3,1,3,2,2,2,3,3,1,1,4,1,2,3,1,2,3,1,1,1,1,3,2,1,1,2,1,1,2,2,1,1,1,2,3
197.00,11/29/18 19:22,20.00,2,5,1,,5,3,3,3,#NULL!,3,3,3,3,3,3,3,3,3,3,3,3,3,3,3,3,#NULL!,#NULL!,#NULL!,#NULL!,#NULL!,#NULL!,#NULL!,#NULL!,3,3,3,3,3,3,3,3,3,3,3,3,3,3,3,3,3,3,3,3,3,3,3,3,3,2,3,3,2,3,3,3,3,3,3,3,2,2,2,2,2,2,2,2,2,2,2,2,2,2,2,2,2,2,2,2,2,2,2,2,2,2,2,2,2,2,2,2,2,2,2,2,2,2,2,2,2,2,2,2,2,2
3148.00,11/29/18 19:50,19.00,1,1,2,,4,2,1,3,3,1,3,2,2,4,5,4,2,2,2,1,3,#NULL!,#NULL!,#NULL!,#NULL!,2,3,3,2,#NULL!,#NULL!,#NULL!,#NULL!,2,1,1,1,2,1,1,1,1,1,1,1,2,1,1,3,2,2,3,2,1,4,2,1,2,1,1,2,2,3,3,1,1,4,1,1,3,3,1,2,1,2,2,4,1,1,1,2,3,3,2,2,2,1,2,1,1,3,1,1,3,1,2,3,1,1,2,1,2,3,1,1,3,1,1,1,1,1,1,1,1,1
2083.00,11/29/18 20:39,21.00,2,5,1,,6,4,4,4,4,4,4,4,4,4,2,1,4,3,3,1,1,1,1,1,1,#NULL!,#NULL!,#NULL!,#NULL!,#NULL!,#NULL!,#NULL!,#NULL!,2,1,1,6,1,1,1,1,1,1,1,1,3,2,3,2,1,1,1,1,1,1,1,1,2,1,2,1,1,1,1,1,1,1,1,1,2,3,1,2,1,1,1,3,4,2,1,1,3,3,3,1,3,3,3,1,1,3,2,4,3,1,1,3,1,1,1,1,1,1,1,1,1,1,1,1,1,1,1,1,2,1
1992.00,11/30/18 13:59,19.00,1,5,2,,4,#NULL!,#NULL!,#NULL!,#NULL!,4,1,1,2,1,3,2,1,2,1,1,1,#NULL!,#NULL!,#NULL!,#NULL!,1,1,1,1,#NULL!,#NULL!,#NULL!,#NULL!,1,1,1,1,1,1,1,1,1,1,1,1,1,1,1,1,1,1,1,1,1,1,1,1,1,1,1,1,1,1,1,1,1,1,1,1,2,1,1,2,1,4,3,2,1,3,1,4,1,2,4,1,1,1,4,1,1,1,1,2,2,1,1,2,1,1,1,1,3,2,1,1,2,1,1,1,1,1,1,1,1,1
1357.00,11/30/18 16:00,21.00,3,5,3,,6,4,4,5,5,5,3,3,2,2,4,4,2,2,2,2,2,#NULL!,#NULL!,#NULL!,#NULL!,#NULL!,#NULL!,#NULL!,#NULL!,1,3,5,5,2,2,1,1,1,1,6,6,6,1,1,1,4,3,3,4,4,3,3,4,3,4,4,4,3,3,2,3,3,3,3,4,3,4,4,4,2,3,2,3,1,4,4,3,1,4,1,4,2,4,4,1,3,4,4,3,4,4,1,2,4,4,1,3,1,1,2,1,4,4,1,1,3,2,2,2,2,1,1,1,3,1
902.00,11/30/18 19:46,19.00,1,5,2,,4,3,2,4,4,4,4,2,2,3,1,2,3,2,3,2,1,#NULL!,#NULL!,#NULL!,#NULL!,1,3,3,3,#NULL!,#NULL!,#NULL!,#NULL!,2,1,1,1,2,2,1,1,1,1,1,1,2,2,3,2,2,2,2,3,1,3,1,1,2,2,3,1,1,1,2,3,1,3,1,1,2,4,2,1,2,4,1,4,2,2,1,3,1,2,3,2,4,1,2,1,1,2,1,1,2,1,1,2,1,1,1,1,3,2,1,1,1,2,1,1,1,1,1,1,1,1